fire_id,discovery_month,Temp_pre_7,Wind_pre_7,fire_size_bin_no
48,Apr,11.73579545,2.940116279,4
57,Oct,10.72222222,0.799509804,4
59,Apr,6.332934132,3.089221557,4
78,Jul,28.49940476,2.769642857,4
130,Dec,-2.034069401,1.700630915,4
232,Jul,25.728125,1.74984326,4
315,Feb,6.852356021,4.251308901,4
385,Mar,6.06468254,4.668253968,4
424,Jul,28.74404762,4.243055556,4
576,Mar,15.81162791,3.331976744,4
613,Feb,10.73869048,3.883928571,4
665,Oct,17.62363636,3.907272727,4
671,Jun,25.66555556,2.920555556,4
721,Apr,4.382938389,6.093838862999999,4
811,Feb,1.157738095,4.246706587,4
834,Apr,11.85675676,1.313513514,4
909,Jun,32.88214286,3.5559523810000004,4
919,Feb,7.507186858,3.229774127,4
937,Jul,28.66363636,3.603246753,4
938,Feb,6.767857143,3.645833333,4
947,May,13.77797619,3.206746032,4
959,Mar,15.55339806,2.36195122,4
963,Mar,4.064386318,3.162704918,4
988,Aug,29.46520875,0.015308151,4
1013,Apr,9.901834862,5.286697248,4
1099,Aug,24.26592179,4.410055866,4
1101,Apr,10.42460317,5.156150794,4
1105,Mar,11.11845238,3.202380952,4
1122,Aug,21.91729323,4.190601504,4
1183,Sep,23.65771429,3.0857142860000004,4
1212,Apr,14.22715517,3.412068966,4
1213,Aug,20.16309524,2.558333333,4
1235,Jun,14.63961814,3.4011990410000004,4
1271,Jul,28.72413793,1.975862069,4
1375,Aug,28.02114943,2.956551724,4
1528,Apr,17.65148515,2.0873267330000003,4
1536,Aug,19.07692308,3.011188811,4
1566,May,15.45341615,4.060248447,4
1627,Apr,3.882936508,3.222111554,4
1677,Aug,25.25,1.9125,4
1719,Apr,25.93928571,5.4059523810000005,4
1791,Oct,6.223529412,6.524852071000001,4
1818,Jul,28.00714286,4.068867925,4
1856,Oct,16.027322400000003,1.006557377,4
1861,Jul,27.4,3.2061538460000003,4
1898,Nov,8.007239819,1.890045249,4
1909,Apr,10.72008929,4.583928571,4
1923,Jul,26.72688172,2.966129032,4
2027,Oct,13.52046784,2.135087719,4
2261,Mar,7.832947977000001,3.810982659,4
2273,Jul,25.69277108,3.747682119,4
2371,Sep,21.13595506,1.808988764,4
2436,Jul,23.1091954,3.627011494,4
2499,Jul,29.92231076,3.793027888,4
2534,Apr,26.64979757,4.768825911,4
2547,Feb,7.111814346,2.024472574,4
2570,Feb,8.712690355,2.359390863,4
2579,Jul,27.46428571,2.600396825,4
2583,Aug,18.99882353,4.156547619,4
2648,Nov,5.034693878,1.360612245,4
2692,Mar,17.68346774,2.420362903,4
2722,Mar,6.022321429,3.994470046,4
2746,Feb,13.60654762,2.664880952,4
2757,Sep,31.71893491,2.65,4
2878,Feb,2.171314741,3.862151394,4
2924,Jul,27.80892857,5.663690476,4
2966,Jul,28.52057143,2.240571429,4
2979,Jul,30.40963855,3.4481927710000004,4
2986,Jul,21.91111111,3.277777778,4
3042,Mar,10.8952381,3.132738095,4
3061,Feb,11.41626506,1.759036145,4
3079,Mar,10.55308642,2.754037267,4
3162,Feb,5.190669371,3.01643002,4
3311,Aug,25.9755814,3.687134503,4
3323,Apr,16.5816568,4.114792898999999,4
3327,Apr,11.29817444,2.595943205,4
3351,Feb,11.76190476,1.945833333,4
3389,Mar,8.958083832,3.115568862,4
3465,Mar,7.625,3.378431373,4
3487,Jul,33.17657143,3.3628571430000003,4
3528,May,21.574251500000003,4.088622754,4
3530,Mar,8.00623053,2.656386293,4
3533,Mar,9.094375,2.6943396230000003,4
3537,Mar,7.448214286,3.514285714,4
3786,Mar,9.839880952,4.104761905,4
3788,Oct,8.802631579,3.3973684210000004,4
3872,Mar,20.36890951,3.010904872,4
3962,Nov,11.63346614,1.836055777,4
3966,Jul,31.63734177,3.696202532,4
4013,Jun,17.3954023,4.362068966,4
4218,Apr,23.32335329,2.657684631,4
4226,Jul,24.13333333,0.6028368789999999,4
4306,Mar,9.25297619,5.453571429,4
4342,Mar,16.92780488,2.707804878,4
4392,Apr,2.783928571,5.113690476,4
4416,Mar,1.45,2.02797619,4
4512,Sep,28.78881988,1.841614907,4
4528,Jun,25.59638554,3.747590361,4
4556,Apr,8.216239316000001,4.274786325,4
4585,May,9.256043956,4.69010989,4
4648,Jan,6.329615385,1.718461538,4
4736,Jul,30.38047809,4.403585657,4
4821,Sep,13.26695652,3.184934498,4
4872,Oct,4.158730159,2.2281746030000003,4
4941,Aug,26.14306931,0.492079208,4
4949,Sep,13.05066079,2.6327433630000003,4
4975,Mar,6.535135135,2.842792793,4
5013,Oct,11.98917526,3.220175439,4
5030,Oct,22.57777778,1.670434783,4
5051,Feb,14.43333333,3.406451613,4
5075,Mar,8.110663984,2.856539235,4
5249,Aug,29.15344828,1.72183908,4
5364,Jun,29.41317365,3.941916168,4
5443,Mar,12.3164557,3.278481013,4
5489,Aug,26.2185567,4.559375,4
5507,Sep,26.06857143,1.775428571,4
5536,Mar,11.83214286,2.76547619,4
5695,Mar,0.599190283,2.40673913,4
5702,Jun,30.86826347,3.948120301,4
5738,Mar,17.05990783,3.590322581,4
5764,Apr,17.53389831,3.433050847,4
5850,Mar,7.448897796000001,2.914428858,4
5923,Jul,23.44421907,1.268699187,4
5971,Sep,25.53690476,6.221428571000001,4
5977,Sep,18.23988095,2.585714286,4
6001,Mar,3.0334600760000003,3.782889734,4
6009,May,20.69230769,5.823076923,4
6104,Jul,25.21621622,1.562162162,4
6111,Aug,21.94145078,3.770984456,4
6136,Feb,11.48111332,2.663817097,4
6137,May,21.77647059,5.947058824,4
6151,Mar,15.41538462,2.117948718,4
6268,Jul,31.35978261,2.979347826,4
6300,May,17.62422998,3.946406571,4
6328,Oct,20.3511236,1.431460674,4
6365,Nov,11.38380282,3.426501767,4
6389,Aug,27.01421569,2.27254902,4
6626,Mar,11.68149606,2.49015748,4
6659,Apr,8.856287425,3.1652694610000003,4
6724,Nov,-1.367063492,2.399603175,4
6744,Mar,9.555882353,5.490686275,4
6803,Apr,18.84475806,3.1306451610000003,4
6815,Sep,14.71727642,1.821341463,4
6892,Jun,17.21549296,4.617370892,4
6970,Jun,25.55983773,2.471399594,4
7064,Aug,21.41883768,1.242084168,4
7187,Jun,12.74054054,5.002173913,4
7198,Sep,19.97420635,2.286706349,4
7212,Mar,11.30925926,4.0129629630000005,4
7224,Apr,3.722009569,2.705263158,4
7530,Jun,23.51156187,2.270121951,4
7574,May,23.49135802,2.752469136,4
7588,Apr,14.40555556,1.943162393,4
7641,Jun,17.184375,3.630625,4
7909,Mar,11.56741248,8.554300357999999,4
7920,Aug,29.21333333,3.907878788,4
7969,Aug,23.23367347,3.330569948,4
7988,Aug,25.85798817,2.278698225,4
8065,Jul,20.17025641,3.203645833,4
8079,Nov,14.3,2.4,4
8272,Jul,23.90419162,3.833532934,4
8297,Dec,9.344490644,4.183575884,4
8322,Oct,8.118721461,1.389954338,4
8358,Mar,11.015625,2.741884817,4
8398,Nov,14.12138365,1.859748428,4
8407,Sep,19.82080925,1.026011561,4
8573,Jul,16.55714286,3.44,4
8642,May,19.08928571,3.976388889,4
8728,Aug,20.98602794,4.085229541,4
8847,Feb,9.72173913,4.266666667,4
8886,Apr,-0.401762115,4.062995595,4
8903,Jun,21.05232558,5.2,4
9004,Mar,15.22804233,4.603703704,4
9022,Jul,14.84901186,2.748790323,4
9051,Mar,8.078470825,1.620120724,4
9113,Mar,11.11845238,3.202380952,4
9151,Mar,8.449056603999999,2.605660377,4
9165,Sep,16.20890052,1.671204188,4
9218,Jul,19.62721893,3.487272727,4
9229,May,15.15243902,3.358823529,4
9274,Feb,10.19161677,1.7532934130000002,4
9419,Aug,24.5,2.117857143,4
9527,Aug,32.51607143,3.45,4
9733,Apr,13.7195122,5.785365854,4
9789,Mar,5.597905759,4.382722513,4
9860,Aug,20.64285714,1.954761905,4
9929,Jun,29.89840637,4.009561753,4
9945,Jul,25.41235955,3.402824859,4
9951,Sep,27.8047619,3.889285714,4
9978,Sep,21.47619048,3.582142857,4
9991,Apr,9.22364532,3.090147783,4
10012,Jun,28.66882353,4.227058823999999,4
10033,Apr,1.779640719,3.180838323,4
10067,Nov,6.968148147999999,1.333085502,4
10306,Jan,9.214371257,1.662275449,4
10341,Aug,24.64107143,2.754761905,4
10418,Jul,23.56309524,3.08452381,4
10449,Sep,25.23611111,0.604563492,4
10460,Jul,28.79166667,2.017460317,4
10500,Nov,4.726190476,3.959722222,4
10507,Jul,21.9,1.716666667,4
10548,Jul,37.725,4.419047619,4
10598,Aug,26.99337349,3.313654618,4
10674,Jul,22.56171429,2.1902857140000003,4
10738,Jul,25.46140351,4.056140351,4
10739,Feb,6.524712644,3.4931034480000003,4
10760,Jul,27.26587302,2.961111111,4
10876,Aug,32.36647059,3.699404762,4
10878,May,22.40681363,1.713654618,4
11048,Jul,21.12163743,4.521176471,4
11095,Jun,22.18333333,3.395,4
11220,Feb,9.122,3.4028,4
11251,Jun,29.12269939,0.979141104,4
11318,Jun,18.95377778,2.535555556,4
11328,Sep,17.3251497,1.716167665,4
11463,Mar,6.229361702,2.069827586,4
11512,Jul,26.57627119,2.710169492,4
11545,Jun,34.76686391,2.766863905,4
11639,Feb,5.9387850470000005,3.352336449,4
11655,Apr,20.62790698,2.04244186,4
11880,Sep,13.57407407,2.524074074,4
11922,Aug,24.66190476,3.269047619,4
11990,Mar,7.513944222999999,4.226294821000001,4
12112,Apr,20.41065089,4.879881657,4
12164,Jun,26.244,2.929777778,4
12179,Mar,7.631790744,1.576861167,4
12257,Jul,30,5.1,4
12263,Mar,7.1125,5.547000000000001,4
12314,Apr,8.920159681,3.108582834,4
12345,Jul,25.40851064,4.953191489,4
12372,Sep,10.9,2.004910714,4
12410,Mar,12.8252809,2.585955056,4
12431,Jul,26.40679612,3.025728155,4
12468,Jun,17.94642857,3.15734127,4
12476,Mar,9.155913978,4.841935484,4
12484,Feb,-0.4779735679999999,3.795374449,4
12818,Apr,13.06116505,4.907281553,4
12904,Mar,6.2658730160000005,3.496428571,4
12924,Mar,19.82941176,1.649411765,4
12968,Jun,26.58628571,4.722857143,4
12982,Aug,20.87368421,0.951315789,4
12997,May,24.06116505,4.148058252,4
13056,Oct,22.96968504,1.456692913,4
13083,Jul,22.55102041,3.885714286,4
13116,Jun,15.90447761,2.318905473,4
13187,Apr,5.86743295,5.209195402,4
13211,May,22.71679389,2.754198473,4
13225,Mar,8.609126984,5.454960317,4
13263,Apr,4.378619154,5.448552339,4
13314,Jul,20.47861272,1.905780347,4
13335,Apr,8.728174603,2.819681909,4
13357,Jun,26.3725,3.245,4
13365,Feb,15.88928571,4.401587302,4
13498,May,24.88478261,4.382608696,4
13515,Jul,20.98757764,3.892546584,4
13576,Apr,15.27321429,4.150595238,4
13588,Mar,9.209643606,3.62394958,4
13607,Feb,12.06046512,3.790232558,4
13633,Aug,22.15568862,0.954491018,4
13727,Sep,26.85238095,1.902380952,4
13755,Aug,21.63580247,1.140740741,4
13776,Feb,6.58742515,1.941317365,4
13819,Feb,3.213333333,3.277777778,4
13833,Apr,11.736,4.5238,4
13940,Jul,23.54285714,3.210119048,4
14015,Jun,26.34920635,3.577380952,4
14051,Mar,6.006472492,3.789320388,4
14128,Jun,23.79076923,3.21875,4
14137,Nov,15.08333333,2.764814815,4
14239,Apr,12.72531646,2.007594937,4
14307,Nov,11.64876033,3.3198347110000004,4
14356,May,24.00059524,2.395833333,4
14376,Feb,8.940437158,3.095081967,4
14420,Nov,13.0588785,2.8813084110000005,4
14505,Jun,18.90892857,5.883928571,4
14542,Mar,13.76739563,3.716334661,4
14668,Aug,25.82142857,2.326785714,4
14688,Jul,23.11398964,2.918134715,4
14694,Nov,13.11445783,2.536746988,4
14696,Jun,19.20272109,4.506802721000001,4
14792,Jul,28.2721519,3.67278481,4
14808,Jul,22.52732558,3.195930233,4
14833,Aug,22.37583893,3.500990099,4
14837,Jun,25.40322581,3.257258065,4
14860,Jun,30.39585799,5.771005917,4
14863,Mar,9.900480769,4.520192308,4
14915,Jan,5.090909091,4.2909090910000005,4
15197,Jun,21.03614458,3.9,4
15202,Jun,26.16302187,2.891451292,4
15228,Apr,4.080952381,1.951785714,4
15379,Nov,5.889032257999999,2.479545455,4
15418,Jul,24.7150289,2.790751445,4
15473,Jul,23.69948454,2.770618557,4
15485,Sep,18.63353293,4.35988024,4
15537,Jun,20.24206349,3.701590457,4
15581,Feb,11.39009901,2.992871287,4
15629,May,11.48421053,6.667894737,4
15634,Jul,26.15384615,3.592307692,4
15686,Apr,3.5666003980000003,5.370576541,4
15698,May,18.15227273,5.739772727,4
15769,Jun,35.33939394,3.451313131,4
15842,Jul,23.2273743,2.809497207,4
15925,Dec,0.953846154,3.699145299,4
15956,Aug,25.77380952,2.841666667,4
16114,Jun,24.29512195,4.343902439,4
16160,Jun,20.46583851,4.273913043,4
16218,Aug,22.40782123,1.832402235,4
16230,May,24.4957265,3.329059829,4
16346,Jun,19.81607143,4.251785714,4
16370,Sep,24.27391304,3.595652174,4
16393,Oct,12.74459459,1.130909091,4
16405,Apr,9.859244533,1.750099404,4
16491,Aug,27.31956522,4.17826087,4
16526,Apr,8.076923077,1.45,4
16601,Aug,35.12171429,3.232,4
16651,Dec,18.38358974,3.174358974,4
16735,Jun,18.81666667,1.7875,4
16753,Mar,3.882352941,3.313574661,4
16767,Jun,25.35555556,1.74962963,4
16778,Apr,10.15324675,6.894805195,4
16808,Mar,27,1,4
16823,Aug,26.46964286,2.769047619,4
16944,Oct,21.77777778,3.264957265,4
16945,Jun,27.26666667,2.195555556,4
17009,Aug,28.40243902,2.554878049,4
17033,Aug,24.20238095,4.830952381,4
17043,May,13.76753507,5.507214428999999,4
17085,Aug,14.01428571,3.817857143,4
17135,Sep,24.65142857,1.134857143,4
17152,Jan,6.25862069,0.689273356,4
17190,Apr,4.916666667,1.918687873,4
17223,Sep,11.13233083,1.616541353,4
17344,Nov,2.038095238,5.05,4
17379,Jul,24.78203593,2.910179641,4
17433,Jul,22.95238095,4.577707006,4
17473,Apr,14.27392996,1.66381323,4
17527,May,10.64885057,2.71091954,4
17565,Oct,19.95104895,2.557342657,4
17692,Jul,31.71676301,2.9520231210000003,4
17697,May,17.08791209,4.226373626,4
17748,Mar,17.38495575,4.530973451,4
17762,Aug,19.13636364,2.083522727,4
17830,Feb,12.73053892,2.058882236,4
17884,Aug,24.75409836,1.878688525,4
17904,Apr,13.72347826,2.359649123,4
17953,Mar,10.77639752,4.2192546580000005,4
18029,Jun,24.53265306,1.68877551,4
18109,Jun,17.40652174,3.27173913,4
18116,Apr,16.20736196,3.681595092,4
18142,Oct,16.38392857,1.921428571,4
18271,Jun,29.00547264,3.293401015,4
18295,Aug,24.27966102,3.468644068,4
18361,Mar,8.530120482000001,3.627309237,4
18374,Feb,12.07559524,1.932142857,4
18382,Feb,13.16646707,1.806586826,4
18383,Aug,28.43113772,1.242714571,4
18388,Jul,29.61176471,1.090995261,4
18539,Jul,22.76047904,2.547305389,4
18545,Mar,18.64345238,3.616666667,4
18651,Apr,13.65300546,6.084699454,4
18665,Jul,25.67142857,1.927380952,4
18718,Apr,16.78776978,2.060431655,4
18839,Jun,30.08196721,5.041436463999999,4
18920,Mar,7.286580087000001,4.834199134,4
18945,Jun,28.60898876,5.734831461000001,4
18961,Jul,32.9408284,4.1142011830000005,4
18966,May,22.83940678,2.066101695,4
18989,Jun,20.10179641,3.615432099,4
19003,Mar,12.26826347,1.78742515,4
19024,Apr,14.21966292,3.1280898880000003,4
19033,Jul,28.68965517,2.686206897,4
19038,Oct,22.92682927,1.525609756,4
19294,Mar,12.725,3.07223382,4
19307,Mar,17.32619048,5.382380952,4
19467,Mar,6.053448276,5.525,4
19515,Mar,13.45436508,2.336507937,4
19523,Aug,19.86792453,2.335220126,4
19545,Sep,11.74623656,3.984408602,4
19665,Sep,24.76705202,2.480346821,4
19738,Mar,8.018181818,4.641363636,4
19818,Apr,6.963302752000001,5.571559633,4
19862,Aug,28.108,1.693,4
19877,Feb,15.22168675,3.237575758,4
19932,Mar,5.377092511,5.181938326,4
19940,Mar,8.00623053,2.656386293,4
19992,Oct,12.95638767,4.358590308,4
20078,Jun,28.36019417,4.2417475730000005,4
20090,May,12.63453815,2.367670683,4
20099,Jun,18.44418605,2.198837209,4
20101,Sep,17.225,1.07,4
20190,Mar,4.763095238,5.464880952000001,4
20192,Feb,5.718875502,4.248393574,4
20235,Jun,20.16555556,3.052222222,4
20238,Aug,18.55141243,2.674576271,4
20279,Feb,9.542857143,3.402380952,4
20346,May,20.40643275,4.571929825,4
20404,Mar,12.03834197,4.60880829,4
20433,Mar,17.10401786,3.3607142860000003,4
20440,Oct,12.41516966,2.2331337330000003,4
20503,Aug,25.05389222,4.083832335,4
20528,Aug,22.44502924,3.916374269,4
20535,May,13.78915663,4.0819277110000005,4
20536,Jun,13.67142857,5.286746988,4
20573,Aug,27.16232877,2.990410959,4
20602,Jun,29.60738636,3.019318182,4
20642,Mar,-2.206412826,2.410752688,4
20798,Mar,18.86767896,1.331263858,4
20836,Jun,16.23306773,2.49501992,4
20838,Jun,28.50688073,1.199770642,4
20843,Apr,16.09255533,5.097183099,4
20866,Aug,26.87615063,2.718828452,4
20868,Feb,14.21031746,5.139562624,4
20915,Nov,7.848351647999999,1.475274725,4
21005,Mar,9.371282051,5.334358974,4
21026,Apr,21.53968254,1.910912698,4
21039,Jun,18.75846154,3.363076923,4
21042,Aug,21.40963855,3.5156626510000004,4
21065,Jun,24.30019881,1.333200795,4
21139,Sep,17.86084906,3.981603774,4
21149,Aug,26.00578512,3.958677686,4
21211,Aug,22.21179487,3.120634921,4
21265,Mar,16.93061224,4.20915493,4
21328,Aug,24.17430168,2.922905028,4
21497,Oct,26.62721893,3.1763313610000004,4
21534,Jul,23.68,2.7825,4
21536,Jul,29.94444444,5.441269841,4
21557,Mar,15.168556699999998,3.680927835,4
21588,Dec,11.12473573,1.848414376,4
21626,Aug,25.23446894,3.725250501,4
21641,Jun,26.125,3.122782258,4
21667,Aug,30.31666667,1.576587302,4
21829,Aug,32.71864407,3.44519774,4
22001,Jul,25.42154567,4.8627634660000005,4
22018,Jul,28.60588235,6.475294118,4
22074,May,19.31578947,4.672180451,4
22100,Mar,6.267088608,4.003821656,4
22159,Nov,9.667164179,2.367171717,4
22179,Jun,21.57352941,4.570588235,4
22262,Mar,8.848809524,3.730952381,4
22266,Aug,27,4.33902439,4
22286,Feb,9.508888889,3.073888889,4
22295,Mar,8.679255319,3.161702128,4
22350,Jul,25.69277108,3.747682119,4
22444,Mar,14.0254717,3.260377358,4
22454,Mar,3.711904762,5.594642857,4
22519,Mar,11.48888889,3.786666667,4
22590,May,15.0139165,5.993836977999999,4
22594,Feb,8.287698413,2.534722222,4
22601,Mar,4.574552684,4.102982107,4
22715,Feb,14.41351889,2.030417495,4
22782,Mar,18.89184783,4.930434783,4
22802,Sep,20.12248521,2.782248521,4
22833,Aug,17.71597633,3.002366864,4
22959,Sep,27.67202381,3.292261905,4
22995,Nov,13.37747036,2.490513834,4
23012,Jul,26.93502825,3.997142857,4
23019,Feb,-6.769322709,5.543027887999999,4
23094,Mar,8.19760479,2.206060606,4
23108,Jul,29.70461847,2.693574297,4
23150,Jul,13.59763158,1.838421053,4
23204,Dec,8.261176471,4.278235294,4
23210,Aug,27.493975899999995,3.141566265,4
23240,Aug,24.36363636,2.233333333,4
23258,Jun,20.03793103,1.631034483,4
23303,May,5.692537313,5.116791045,4
23357,Nov,6.075757576,5.278787878999999,4
23555,Nov,15.27860697,2.376616915,4
23564,Apr,5.560240964,4.209716599,4
23577,Mar,7.351648352000001,5.581868132,4
23606,Feb,-0.5,2.775992063,4
23617,Jul,17.19148936,1.904255319,4
23627,Sep,24.77357513,2.641450777,4
23748,Aug,24.07142857,2.0532467530000003,4
23792,Jul,26.78415301,4.210928962,4
23805,Oct,12.05309278,2.840206186,4
23816,Feb,11.95384615,1.995708155,4
23824,Aug,17.11976048,4.584353741,4
23848,Mar,3.5534412960000004,2.731983806,4
23856,Apr,2.386904762,2.833134921,4
23863,May,24.44318182,4.851136363999999,4
23893,Oct,14.80379747,6.692405063,4
23919,Jul,24.91497976,4.745748988,4
23954,Sep,18.61294118,1.885294118,4
23967,Apr,16.53012048,2.442771084,4
23973,Apr,3.619631902,3.30797546,4
23983,Feb,16.13267327,4.078217822,4
24080,Apr,20.5734127,4.868650794,4
24092,Jul,27.53025641,3.12,4
24096,Jun,14.24625268,1.722912206,4
24148,Aug,23.15060241,4.72037037,4
24149,Aug,22.13953488,3.569767442,4
24153,Sep,22.05765408,1.225447316,4
24170,Mar,7.832934132,3.42754491,4
24196,Apr,15.27321429,4.150595238,4
24259,May,17.83333333,3.713953488,4
24409,Aug,22.76934673,3.6,4
24423,Apr,10.71030043,4.247639485,4
24446,Jul,19.61538462,3.230769231,4
24456,May,13.172,4.8392,4
24510,Oct,12.94035785,4.369184891000001,4
24526,Jul,27.38235294,2.756470588,4
24574,Jul,30.672,1.8858,4
24593,Jul,26.42754491,1.7233532930000002,4
24600,Mar,15.40191388,2.16937799,4
24649,Aug,26.22862823,2.572763419,4
24738,Jun,16.35471698,4.065876777,4
24773,Apr,24.49863014,2.5527522940000003,4
24827,Apr,16.49565217,3.994594595,4
24966,Jun,20.16555556,3.052222222,4
25049,Jul,33.82926829,4.516463415,4
25149,Sep,24.3539823,1.7128318580000002,4
25151,Oct,9.739698492,4.71010101,4
25158,Dec,6.878787879,3.579608939,4
25209,Jul,25.41313559,3.809322034,4
25283,Jul,15.10714286,4.426785714,4
25293,Feb,6.005952381,1.924404762,4
25297,Aug,25.47391304,2.417391304,4
25423,Mar,13.30161943,3.641700405,4
25425,Jul,28.58109453,4.333333333,4
25533,Jul,24.14856557,3.430532787,4
25635,May,10.57028112,3.201405622,4
25651,Jun,23.49007937,2.613095238,4
26020,Aug,29.00119048,4.850595238,4
26118,Mar,7.220238095,2.040425532,4
26128,Apr,-4.855130785,4.23722334,4
26260,Jun,30.30769231,6.915976331,4
26385,May,12.24683544,4.256962025,4
26389,May,27.33333333,3.747272727,4
26396,Jul,18.36,2.34,4
26446,Aug,19.18072289,2.504848485,4
26503,Jun,22.91118012,3.382608696,4
26589,Dec,3.496774194,2.034677419,4
26598,Oct,15.10483871,2.925910931,4
26648,Jun,30.21428571,3.695833333,4
26693,Mar,10.76312849,4.998882682,4
26715,Jul,27.4,3.2061538460000003,4
26802,Nov,15.51358025,3.771604938,4
26804,Apr,3.828061224,5.078571429,4
26893,Jul,17.54268293,2.611585366,4
26912,Sep,7.902453987999999,1.718333333,4
26960,Mar,10.26243655,4.655837563,4
27009,Aug,20.78757396,2.69408284,4
27058,Mar,11.45816733,1.402788845,4
27123,Mar,4.880995475,5.180454545,4
27152,Oct,18.69322709,1.533067729,4
27162,Apr,19.902,2.367670683,4
27341,Mar,6.267088608,4.003821656,4
27414,Mar,9.094375,2.6943396230000003,4
27439,Apr,12.87356828,2.273893805,4
27591,Jul,27.61675393,3.820418848,4
27594,Dec,11.5297619,2.721428571,4
27600,Jun,27.84766839,2.790673575,4
27640,Apr,14.61715481,3.572803347,4
27680,Mar,19.33240557,1.506560636,4
27692,Jul,25,11.76666667,4
27765,Mar,1.369047619,3.445238095,4
27792,Aug,21.23095238,2.463095238,4
27867,Mar,19.02414487,3.960965795,4
27919,Apr,19.12326531,2.6240816330000003,4
27982,Jul,35.55900621,3.517391304,4
28021,Apr,24.81528662,5.594871795,4
28127,Mar,6.660714286,4.37202381,4
28135,Feb,14.16384181,3.148022599,4
28264,Nov,6.729694323,1.295111111,4
28520,Aug,21.57884232,2.829460581,4
28522,Apr,15.56149733,2.394652406,4
28532,Feb,7.242241379,2.44137931,4
28571,Aug,28.13571429,4.160119048,4
28572,Dec,22.72571429,3.701142857,4
28609,Mar,5.318478261,2.8097826089999995,4
28806,Mar,13.94632207,1.808747515,4
28985,Mar,0.324649299,3.518036072,4
29043,Sep,27.45833333,3.200595238,4
29103,Apr,2.589068826,5.291902834,4
29285,Apr,8.801190476,2.8375,4
29384,Apr,9.741071429,3.891666667,4
29385,Mar,11.81097561,5.168292683,4
29387,Jun,26.14058824,2.014117647,4
29422,Apr,16.49633028,2.879723502,4
29484,Aug,22.23313253,3.757317073,4
29519,May,6.560119048,0.947619048,4
29522,Apr,9.740174672,2.33215859,4
29529,Mar,4.755454545,2.530909091,4
29623,Jul,32.10059524,3.952380952,4
29689,Apr,9.280769231,6.336538462,4
29748,Feb,2.919839679,2.31503006,4
29778,Apr,23.52095808,1.817365269,4
29850,May,20.12749004,1.861842105,4
29881,Aug,19.54285714,4.6559523810000005,4
29927,May,29.04069767,3.462790698,4
29968,Aug,26.954337899999995,1.869406393,4
29969,Aug,28.66488095,5.782738095,4
30055,Feb,9.800595238,5.321428571,4
30062,Feb,4.30831643,1.859634888,4
30087,Jul,31.69880952,3.906547619,4
30090,May,26.76484848,3.4957575760000004,4
30189,Mar,4.03125,3.2925,4
30265,Jun,23.92677596,1.621857923,4
30382,Sep,18.23988095,2.585714286,4
30434,Mar,9.792513369,2.627272727,4
30542,Jun,27.89285714,1.75,4
30545,Aug,21.02439024,2.568292683,4
30690,Feb,10.79761905,1.235119048,4
30797,Mar,11.299401199999998,1.551497006,4
30866,Jul,22.69030612,3.312755102,4
30888,Aug,24.11332008,1.896620278,4
31081,Jul,17.16875,2.09296875,4
31237,Aug,33.65066667,3.676,4
31428,Jul,25.93181818,3.365909091,4
31444,Apr,20.23354565,4.314225053,4
31460,Jan,-1.269298246,4.487719298,4
31555,Sep,16.18965517,2.375862069,4
31563,Mar,15.93631841,4.640298507,4
31564,Jun,20.07753479,0.70695825,4
31649,Mar,15.08229426,2.013466334,4
31696,Jun,22.69556025,3.978555305,4
31705,Aug,21.4125,0.558928571,4
31737,Jul,21.220238100000003,4.089880952,4
31798,Nov,9.688690476,1.541666667,4
31822,Jun,24.81428571,3.297714286,4
31895,Jul,30.83826087,5.260869565,4
31903,Dec,7.160696517000001,2.473631841,4
31941,Aug,26.83274854,3.669590643,4
32000,Feb,5.046,2.616,4
32077,Jan,12.28256513,4.28997996,4
32183,Dec,-1.482142857,3.810958904,4
32201,Feb,7.410159362999999,2.902949062,4
32225,Jul,23.23809524,2.869047619,4
32277,Apr,15.39821429,3.729166667,4
32333,Jul,28.00606061,4.184242424,4
32342,Mar,25.45654762,2.755357143,4
32353,Jun,19.22057143,4.645977011,4
32432,Sep,12.61948882,2.997427653,4
32446,Aug,23.04545455,5.053636364,4
32464,Apr,25.67979275,3.283937824,4
32516,Aug,27.29268293,5.1277777780000005,4
32599,Apr,7.739153439,3.695767196,4
32645,Jul,28.18876404,3.087078652,4
32759,Dec,13.46137566,3.583597884,4
32765,Jun,11.52777778,2.413888889,4
32772,Nov,3.75,3.74781746,4
32854,Sep,21.17,2.472,4
32879,Jul,22.87653631,4.839106145,4
32930,May,9.067484663,3.914110429,4
32968,Oct,15.47857143,1.074206349,4
33063,Aug,23.13701431,2.045194274,4
33071,Jul,31.24448898,1.589178357,4
33100,May,25.73684211,2.7060150380000003,4
33122,Oct,19.62991968,1.746478873,4
33284,Sep,26.08450704,1.926156942,4
33366,Sep,25.10447761,1.747305389,4
33378,Sep,22.87302632,2.304605263,4
33442,Feb,15.91902439,4.612195122,4
33518,Jul,27.09879032,1.862096774,4
33547,Aug,34.92592593,3.540740741,4
33608,Jun,30.928,4.466285714,4
33669,Mar,4.0625,6.033928571000001,4
33709,Jun,31.79761905,2.817261905,4
33710,Jul,35.36740331,3.584530387,4
33717,Apr,20.30941176,2.108235294,4
33740,Apr,17.37102041,4.037959184,4
33750,May,21.55731707,4.154878049,4
33787,Jul,28.95329341,5.851497006000001,4
33820,Apr,10.92941176,3.401775148,4
33836,Jun,29.02620968,5.378427418999999,4
33909,Jul,22.55102041,3.885714286,4
33987,Jul,26.4507109,3.009708738,4
34024,Jul,28.8,2,4
34043,Apr,3.957476636,6.3065420560000005,4
34092,Jul,32.68712871,2.735049505,4
34123,Mar,18.345238100000003,1.08234127,4
34143,Mar,13.02874251,2.9704819280000003,4
34186,Mar,15.09638554,4.429718876,4
34190,Apr,12.88798371,7.106924643999999,4
34216,Dec,6.362704918,1.578483607,4
34229,Apr,9.083333333,3.975,4
34249,May,18.71509434,3.571698113,4
34250,Oct,28.5536643,1.098108747,4
34394,Feb,9.991017964,1.971856287,4
34407,Feb,7.805251641,3.125601751,4
34534,Jun,30.715674600000003,3.598809524,4
34599,Jun,15.79587629,2.970515464,4
34615,Aug,22.87421384,3.320754717,4
34659,Dec,-1.494791667,4.6328125,4
34708,Jun,28.19863014,1.566438356,4
34732,Apr,18.004,3.369346734,4
34734,Jul,12.86732673,2.44950495,4
34790,Apr,15.93680982,3.742944785,4
34833,Mar,23.7826087,4.068695652,4
34977,Mar,5.506730769,4.1625,4
34999,Mar,-1.150289017,3.460693642,4
35028,Mar,5.307228916000001,1.687951807,4
35075,Dec,8.596178344,2.51910828,4
35185,Dec,7.493269231,2.9399038460000004,4
35294,Jul,24.82195122,2.6375,4
35297,Jun,31.58502024,6.273684211,4
35314,Oct,10.30519481,1.5811688309999998,4
35347,Oct,10.13492063,1.047619048,4
35384,Apr,10.66546392,5.467010309,4
35610,Mar,11.46923077,2.541025641,4
35620,Oct,24.86428571,2.766071429,4
35641,Mar,4.117277487,5.362303665,4
35642,Apr,7.390243902000001,2.614146341,4
35687,Apr,14.00042373,3.674152542,4
35718,Jun,14.99343545,3.176263736,4
35739,Oct,5.680473373,2.040039448,4
35767,Jun,22.845238100000003,3.497619048,4
35815,May,9.664622642,2.375,4
35821,Jun,28.33757455,1.595228628,4
35908,Jun,16.19393939,4.021818182,4
35910,Mar,7.260248447,3.414906832,4
35952,Mar,6.053448276,5.525,4
36079,Jun,27.47904192,1.379640719,4
36120,May,1.847222222,3.959126984,4
36121,Aug,23.91848739,2.637815126,4
36169,Jul,27.64717742,1.164919355,4
36216,Apr,15.36309524,2.7851190480000003,4
36251,Jul,17.97202381,2.663690476,4
36284,Oct,23.85322581,5.55203252,4
36387,Jun,23.37790055,4.995,4
36451,Feb,7.480606061,2.334756098,4
36490,Nov,7.909090909,3.4160377360000003,4
36491,Aug,18.67283951,3.220987654,4
36580,Aug,22.35714286,4.847826087,4
36594,Aug,32.45168539,2.082022472,4
36685,Mar,14.01988072,2.723260437,4
36718,Oct,5.790361446,2.085542169,4
36725,Mar,13.20302419,3.616733871,4
36746,Mar,12.50076923,3.809230769,4
36759,Feb,1.293548387,2.822258065,4
36828,Jun,18.06619718,3.152112676,4
36885,Jul,20.86470588,1.962352941,4
36918,Mar,12.37698413,3.357142857,4
36959,Jul,18.76576838,6.784225987999999,4
36960,Oct,18.62094241,1.837172775,4
37002,Mar,6.431211499,3.109650924,4
37033,May,23.43574297,3.762650602,4
37099,Jul,24.38452381,2.49047619,4
37131,Mar,8.736111111,4.150198413,4
37145,Jun,25.28214286,6.0869047620000005,4
37175,Feb,0.531666667,4.353333333,4
37198,Feb,9.763522013,4.91572327,4
37221,Mar,1.915151515,6.704848485,4
37244,Mar,11.80885312,3.614717742,4
37294,Aug,26.2797619,4.163690476,4
37302,May,19.55978261,4.169230769,4
37348,Apr,13.84431138,4.171856287,4
37353,Jul,23.47305389,2.432934132,4
37441,Aug,18.79620853,1.835545024,4
37455,Aug,13.54545455,0.768181818,4
37475,Apr,11.25,4.213690476,4
37530,Mar,1.502238806,4.229104478,4
37542,Apr,5.048305085,3.284322034,4
37573,Apr,9.741071429,3.891666667,4
37669,Aug,28.17479839,2.300806452,4
37671,Apr,14.55384615,4.336871508,4
37707,Oct,11.37042254,2.74741784,4
37756,Jul,20.325,2.8625,4
37766,Aug,17.83888889,2.323888889,4
37784,Oct,21.06796117,3.983495146,4
37919,Mar,2.971428571,2.6553571430000003,4
37923,Jun,27.9672619,3.7875,4
37935,Feb,4.428571429,1.755952381,4
38029,Mar,9.65952381,4.49702381,4
38083,Jul,17.57692308,3.433333333,4
38093,Jul,21.53928571,2.372619048,4
38218,Sep,13.46022727,0.619886364,4
38318,Aug,22.40617978,3.432022472,4
38328,Mar,10.55238095,4.798809524,4
38389,Jun,20.14371257,2.32994012,4
38466,Aug,30.48955916,1.955916473,4
38495,Sep,22.70575221,1.128761062,4
38530,Mar,10.33333333,1.536979167,4
38569,Oct,13.32995781,2.848305085,4
38589,Mar,-0.121808511,3.683870968,4
38650,Nov,11.26327684,1.297058824,4
38659,Mar,10.89717742,3.0792338710000005,4
38685,Sep,15.30297619,1.817964072,4
38760,Sep,26.83333333,3.156746032,4
38769,Oct,14.96846847,1.95990991,4
38793,Mar,11.64870259,2.4618762480000003,4
38812,Aug,20.57225434,1.727745665,4
38818,Aug,22.84540816,2.166326531,4
38903,Aug,31.33351064,1.438297872,4
38930,May,22.91942857,1.737356322,4
38944,Aug,18.70622407,2.296680498,4
38983,May,23.65338645,3.674302789,4
39004,Sep,18.36309524,3.36547619,4
39006,Aug,25.85744681,2.319361702,4
39177,Feb,19.93162393,1.752136752,4
39186,Apr,6.083333333,5.638095237999999,4
39215,Jun,21.60833333,3.847619048,4
39313,Jun,24.82650602,2.61746988,4
39346,Mar,14.759447,4.27235023,4
39355,Apr,15.34519774,5.027118644,4
39402,Sep,28.89090909,1.409756098,4
39446,Jul,27,3.6,4
39583,Jul,25.46190476,3.039285714,4
39791,May,25.09220779,1.5831168830000002,4
39792,Mar,20.21825397,2.075396825,4
39799,Jun,27.11133201,5.669582505,4
39822,Mar,13.46755319,3.860106383,4
39846,Jun,21.07418398,3.233531157,4
39906,Mar,4.944444444,5.170436508,4
39961,Jul,37.04,3.552,4
40001,Aug,25.38849315,2.570684932,4
40002,Mar,5.098888889,4.571666667,4
40053,Aug,27.90457256,1.823260437,4
40054,Aug,23.70833333,3.494642857,4
40160,Jul,26.46598985,2.833333333,4
40166,Mar,12.49603175,3.645634921,4
40206,Jul,19.08024691,3.4736434110000003,4
40238,Sep,27.8875,1.5769736840000002,4
40442,Sep,27.62412451,0.818287938,4
40464,Jul,27.06150794,3.47202381,4
40507,May,13.91017964,5.700598802000001,4
40558,Apr,22.97041284,5.701146789,4
40628,Mar,15.85360825,2.900619835,4
40664,Apr,15.675,3.010227273,4
40722,Jan,16.37777778,0.922222222,4
40768,Mar,8.887550201,4.822088353,4
40769,Mar,9.554091816,3.35489022,4
40854,Mar,12.17553191,3.701595745,4
40955,Dec,-3.666666667,5.157109557,4
41042,Sep,24.82321429,1.329166667,4
41176,Oct,10.096,4.856,4
41261,Mar,14.01988072,2.723260437,4
41319,May,6.298210736000001,3.160238569,4
41324,Jul,28.02923077,3.134358974,4
41331,Jul,25.70700637,2.607643312,4
41366,May,21.96551724,5.641747573,4
41407,Aug,33.47115385,4.359615385,4
41444,Apr,9.269776876,4.647667343,4
41466,Aug,18.08763441,2.8338709680000003,4
41522,Sep,23.16101695,3.56440678,4
41573,Jun,20.66904762,4.276190476,4
41589,Jun,25.41607565,4.037767221,4
41740,Nov,9.177992278,1.142857143,4
41807,Dec,4.733333333,1.848444444,4
41848,Aug,15.56372093,2.030232558,4
41860,Oct,11.03333333,2.127848101,4
41912,Mar,18.64107143,2.9380952380000003,4
41936,Aug,19.93902439,3.755487805,4
42078,Oct,9.573170732,3.499342105,4
42176,Jun,27.82916667,5.201190476,4
42225,Sep,32.17823529,2.957647059,4
42315,Sep,26.19691358,1.712345679,4
42354,Jul,11.03760446,1.5443181819999998,4
42369,Oct,12.66600398,1.081463415,4
42403,Aug,21.60153846,2.3579487180000003,4
42411,Jun,26.80119048,2.464848485,4
42480,Mar,12.61244444,4.322666667,4
42513,Feb,15.72289157,3.5156626510000004,4
42530,Aug,18.32594937,1.079113924,4
42543,Sep,23.36842105,1.652631579,4
42547,Sep,20.32694611,0.5970059879999999,4
42611,Apr,22.63103448,3.973563218,4
42648,Oct,17.1332008,4.008782435,4
42746,Dec,4.254819277,4.364848485,4
42870,Apr,14.48705357,2.428571429,4
43041,Feb,17.12162162,2.078378378,4
43057,Dec,7.172619048,2.883928571,4
43060,Mar,4.716826923,2.959134615,4
43170,Jul,22.3125,3.967741935,4
43303,Apr,20.20880503,4.059119497,4
43332,Sep,18.68292683,5.853658537,4
43348,Apr,16.549700599999998,4.106187625,4
43367,Mar,12.68650794,3.508730159,4
43387,Jul,23.06216216,4.44,4
43392,Oct,13.30263158,2.488157895,4
43399,Aug,29.23493976,3.006060606,4
43447,Jun,23.40886076,5.323417722,4
43456,Nov,13.75416667,1.713690476,4
43462,May,13.59437751,5.4937751,4
43498,Aug,27.17964072,5.620915032999999,4
43557,Apr,0.357541899,5.037209302,4
43568,Oct,13.18235294,2.255294118,4
43597,Dec,13.85294118,2.338315789,4
43665,Mar,10.95657895,3.06039604,4
43685,Jun,27.97942584,3.572248804,4
43688,Mar,14.36193182,0.938068182,4
43693,Jul,17.67368421,3.891866029,4
43695,Aug,32.29473684,2.656842105,4
43717,Apr,8.051363636,4.634545455,4
43721,Jun,28.58435518,1.995983087,4
43727,Jul,25.06941176,2.472941176,4
43763,May,26.73012552,3.325941423,4
43821,Aug,30.46161972,4.2316901410000005,4
43844,Dec,-0.982142857,5.164285714,4
44000,Sep,18.54285714,3.893452381,4
44004,Mar,14.22534562,4.014746543999999,4
44030,Apr,9.349180328,3.282786885,4
44074,Oct,20.03968254,1.773558648,4
44208,Sep,22.13435583,1.670552147,4
44212,Aug,23.87700535,3.1363636360000005,4
44229,Mar,15.42231076,5.597609562000001,4
44276,Jul,26.31609195,4.206962025,4
44285,Aug,28.55816327,2.374489796,4
44473,Mar,15.77,2.99,4
44543,Aug,33.96514286,4.297714286000001,4
44548,Jun,23.45517241,4.270689655,4
44584,Jul,19.40625,3.089204545,4
44672,Aug,34.61647059,3.770588235,4
44724,Jul,16.88047809,2.395219124,4
44765,Sep,14.6,4.7704918030000005,4
44768,Feb,2.058563536,3.35739645,4
44779,May,14.50238095,5.29047619,4
44856,Jul,26.46598985,2.833333333,4
44912,Mar,6.81556196,3.1634005760000004,4
44951,Mar,13.88627451,3.0411764710000004,4
44959,Jul,25.39175258,3.544329897,4
45006,Apr,6.938297872000001,4.25106383,4
45054,Mar,2.848707753,1.414910537,4
45060,Mar,11.14595745,2.6251063830000003,4
45069,Jul,22.42380952,3.376190476,4
45101,Nov,5.408035714,0.331531532,4
45105,Mar,7.553138075,3.274476987,4
45114,Jun,23.06134969,4.422292994,4
45116,Apr,8.00952381,4.461904762,4
45196,Aug,17.93333333,0.924848485,4
45385,Aug,24.41144578,2.315060241,4
45430,Jul,22.28747433,3.437782341,4
45476,Jul,21.58857143,2.994857143,4
45513,Mar,8.770391061,2.074157303,4
45576,Jul,14.65650407,2.038617886,4
45593,Jul,33.5268595,4.06838843,4
45632,Mar,16.63744493,4.085903084,4
45636,Jul,26.42742616,0.759493671,4
45676,Jun,29.96745562,2.436094675,4
45704,Mar,7.364921466,4.386387435,4
45710,Mar,2.255555556,2.375520833,4
45721,Jul,20.69296482,3.075126904,4
45752,Mar,0.429447853,3.1368098160000004,4
45843,Oct,13.59764706,1.612352941,4
45849,Jul,18.76344086,4.380107527,4
45856,Apr,6.998224852000001,2.391071429,4
45891,Jan,13.21246459,3.669688385,4
46028,Apr,21.02590361,7.319277108,4
46056,Mar,14.38232759,3.2108225110000004,4
46071,Apr,4.269777778,4.244343891000001,4
46120,Jun,28.77764706,3.529411765,4
46171,Aug,21.85170455,3.654545455,4
46236,Jun,34.48888889,3.228888889,4
46248,Jul,23.90178571,2.954491018,4
46359,Mar,12.74638554,2.551204819,4
46398,Jun,26.28230616,1.226640159,4
46458,May,9.461538462,0.115384615,4
46465,Apr,3.416666667,3.3609375,4
46542,Aug,23.48366013,2.440829694,4
46566,Sep,12.04166667,3.905357143,4
46626,Aug,33.44820717,3.162749004,4
46672,Jul,21.50352941,2.777514793,4
46722,Feb,16.695999999999998,2.1682,4
46733,Aug,31.7849162,3.191061453,4
46760,Jul,24.01045455,2.694090909,4
46780,Jul,23.13972056,2.414371257,4
46846,Apr,19.06906077,2.219889503,4
46849,Mar,7.067226891000001,2.1907173,4
46875,Jun,29.078000000000003,2.6006,4
46887,Jul,27.91428571,1.834693878,4
47107,Aug,29.13238636,2.384090909,4
47161,Nov,9.8890625,2.168229167,4
47215,Apr,0.275793651,4.455220884,4
47274,Jul,29.00996016,1.065338645,4
47359,Jun,26.22559524,3.011904762,4
47460,Nov,7.070103092999999,0.50375,4
47480,Mar,7.203092784,4.599484536,4
47563,May,12.54545455,8.493006993,4
47770,Jul,23.85294118,3.56,4
47916,Jul,30.33333333,3.763888889,4
47952,Jul,28.02470588,3.370588235,4
48033,Apr,9.475630252,5.985294118,4
48147,Mar,7.221875,2.2359375,4
48150,Sep,21.61111111,6.266111111,4
48169,Apr,6.6408730160000005,3.639880952,4
48170,Apr,3.5666003980000003,5.370576541,4
48181,Jul,23.425,3.980952381,4
48258,Apr,22.83605769,3.201449275,4
48265,Aug,21.55029586,4.526035503,4
48318,Jul,16.95555556,1.851111111,4
48388,Jul,22.78846154,5.440487805,4
48428,Apr,13.25414365,4.656906077,4
48466,Apr,8.5,3.863492063,4
48478,Sep,23.82020202,0.572008114,4
48523,Mar,8.851785714,5.007142857,4
48550,Aug,28.45217391,4.894782609,4
48571,Nov,6.295054945,2.321546961,4
48747,Feb,12.33988095,4.421428571,4
48751,Jul,24.38452381,2.49047619,4
48762,Feb,8.817261905,2.30952381,4
48889,May,19.91490683,3.673291925,4
48892,Aug,30.46457143,2.590804598,4
48918,Jun,27.62938144,2.016062176,4
49004,Oct,5.389830507999999,3.620689655,4
49094,Sep,13.35945946,2.298378378,4
49098,Mar,6.896969697,3.296969697,4
49144,Aug,23.42465753,3.376027397,4
49189,Apr,19.11354582,1.353293413,4
49214,Feb,9.2125,3.832738095,4
49350,Jun,25.37305263,1.381263158,4
49414,Mar,9.845238095,4.346230159,4
49444,Sep,17.31414775,7.14200958,4
49538,Aug,21.26373626,3.4175824180000003,4
49607,Jun,23.37045455,5.409195402000001,4
49665,Aug,23.91088083,2.7979274610000004,4
49685,Jul,22.59756098,2.987195122,4
49703,Oct,18.73392857,4.06547619,4
49705,Nov,9.956647399,3.324855491,4
49751,Apr,10.78703704,2.822641509,4
49776,Mar,10.95633188,0.794323144,4
49805,Nov,8.110294117999999,3.159803922,4
49843,Jun,32.88916667,3.560833333,4
49865,Mar,7.676739563,2.213916501,4
49940,Mar,12.38767396,6.250497018,4
49987,Aug,24.88023952,2.586227545,4
